Title,Price
HAAT TEST UPLOAD,"रू 10,000"
The Most Beautiful Woman In Town,रू 880
Women,रू 880
ASTHI PHOOL,रू 400
Tales Of Ordinary Madness,रू 880
The Spy And The Traitor,रू 960
The Bullet And The Ballot Box: The Story Of Nepal'S Maoist Revolution,रू 800
"Invent And Wander: The Collected Writings Of Jeff Bezos, With An Introduction By Walter Isaacson","रू 1,920"
Maths Tricks To Blow Your Mind: A Journey Through Viral Maths,रू 800
SINGHA DURBAR : Rise And Fall Of The Rana Regime Of Nepal,रू 792
Himalaya : A Human History,"रू 1,280"
Diamonds In The Dust : Consistent Compounding For Extraordinary Wealth Creation,रू 960
"Dear Stranger, You Deserve To Be Loved",रू 480
The Family Upstairs : The #1 Bestseller. 'I Read It All In One Sitting' - Colleen Hoover,रू 800
Love,रू 800
"Crime And Punishment [Mar 01, 2017] Dostoyevsky, Fyodor",रू 472
The Palace Of Illusions,रू 720
The School For Good Mothers : 'Will Resonate With Fans Of Celeste Ng'S Little Fires Everywhere' ELLE7,"रू 1,120"
"The Wizard Of Oz (PREMIUM PAPERBACK, PENGUIN INDIA)",रू 480
Memoirs Of A Geisha,रू 720
The Stranger,रू 800
GITANJALI:RABINDRANATH TAGORE,रू 152
Narcissus And Goldmund,रू 800
"The Secret Garden: (PREMIUM PAPERBACK, PENGUIN INDIA)",रू 480
White Teeth,रू 800
Explaining Life Through Evolution,रू 960
Buffettology: The Previously Unexplained Techniques That Have Made Warren Buffett The Worlds,रू 960
"The Science Of Selling: Proven Strategies To Make Your Pitch, Influence Decisions, And Close The Deal",रू 960
The Unusual Billionaires,रू 640
The Neatest Little Guide To Stock Market Investing : Fifth Edition,"रू 1,040"
Irrationally Rational : Ten Nobel Laureates Script The Story Of Behavioural Economics,रू 960
The Book Of Angst: Understand And Manage Anxiety (Gwendoline Smith - Improving Mental Health Series),रू 800
"Hector Garcia, Francesc Miralles: The Rejuvenating Practice Of Forest Bathing",रू 800
The Great Crash 1929,रू 720
Catalyst,रू 480
Captivate : The Science Of Succeeding With People,रू 960
